"infection","outcome","variable","category","period","n","denominator","percent","p","minimum_expected_count"
"FeLV",0,"breed","y","2013-2022",47,504,9.32539682539683,0.260939257801625,28.4398976982097
"FeLV",0,"breed","y","2023-2025",33,278,11.8705035971223,0.260939257801625,28.4398976982097
"FeLV",0,"breed","n","2013-2022",457,504,90.6746031746032,0.260939257801625,28.4398976982097
"FeLV",0,"breed","n","2023-2025",245,278,88.1294964028777,0.260939257801625,28.4398976982097
"FeLV",0,"c_hct","normal","2013-2022",276,504,54.7619047619048,0.0446300213266055,31.2838874680307
"FeLV",0,"c_hct","normal","2023-2025",175,278,62.9496402877698,0.0446300213266055,31.2838874680307
"FeLV",0,"c_hct","low","2013-2022",163,504,32.3412698412698,0.0446300213266055,31.2838874680307
"FeLV",0,"c_hct","low","2023-2025",80,278,28.7769784172662,0.0446300213266055,31.2838874680307
"FeLV",0,"c_hct","high","2013-2022",65,504,12.8968253968254,0.0446300213266055,31.2838874680307
"FeLV",0,"c_hct","high","2023-2025",23,278,8.27338129496403,0.0446300213266055,31.2838874680307
"FeLV",0,"concomitant_disorder","n","2013-2022",156,504,30.952380952381,1.79899077884445e-05,72.1662404092072
"FeLV",0,"concomitant_disorder","n","2023-2025",47,278,16.9064748201439,1.79899077884445e-05,72.1662404092072
"FeLV",0,"concomitant_disorder","y","2013-2022",348,504,69.047619047619,1.79899077884445e-05,72.1662404092072
"FeLV",0,"concomitant_disorder","y","2023-2025",231,278,83.0935251798561,1.79899077884445e-05,72.1662404092072
"FeLV",0,"age_group","kitten","2013-2022",132,504,26.1904761904762,6.33574214199087e-05,65.0562659846547
"FeLV",0,"age_group","kitten","2023-2025",51,278,18.3453237410072,6.33574214199087e-05,65.0562659846547
"FeLV",0,"age_group","adult","2013-2022",231,504,45.8333333333333,6.33574214199087e-05,65.0562659846547
"FeLV",0,"age_group","adult","2023-2025",107,278,38.4892086330935,6.33574214199087e-05,65.0562659846547
"FeLV",0,"age_group","senior","2013-2022",141,504,27.9761904761905,6.33574214199087e-05,65.0562659846547
"FeLV",0,"age_group","senior","2023-2025",120,278,43.1654676258993,6.33574214199087e-05,65.0562659846547
"FeLV",0,"c_leuco","normal","2013-2022",285,504,56.547619047619,0.00452165456406653,46.4622279129321
"FeLV",0,"c_leuco","normal","2023-2025",186,277,67.1480144404332,0.00452165456406653,46.4622279129321
"FeLV",0,"c_leuco","low","2013-2022",99,504,19.6428571428571,0.00452165456406653,46.4622279129321
"FeLV",0,"c_leuco","low","2023-2025",32,277,11.5523465703971,0.00452165456406653,46.4622279129321
"FeLV",0,"c_leuco","high","2013-2022",120,504,23.8095238095238,0.00452165456406653,46.4622279129321
"FeLV",0,"c_leuco","high","2023-2025",59,277,21.2996389891697,0.00452165456406653,46.4622279129321
"FeLV",0,"neuter_status","i","2013-2022",153,504,30.3571428571429,0.000909816349617617,73.5882352941177
"FeLV",0,"neuter_status","i","2023-2025",54,278,19.4244604316547,0.000909816349617617,73.5882352941177
"FeLV",0,"neuter_status","n","2013-2022",351,504,69.6428571428571,0.000909816349617617,73.5882352941177
"FeLV",0,"neuter_status","n","2023-2025",224,278,80.5755395683453,0.000909816349617617,73.5882352941177
"FeLV",1,"breed","y","2013-2022",4,126,3.17460317460317,0.573968165812618,1.57608695652174
"FeLV",1,"breed","y","2023-2025",1,58,1.72413793103448,0.573968165812618,1.57608695652174
"FeLV",1,"breed","n","2013-2022",122,126,96.8253968253968,0.573968165812618,1.57608695652174
"FeLV",1,"breed","n","2023-2025",57,58,98.2758620689655,0.573968165812618,1.57608695652174
"FeLV",1,"c_hct","normal","2013-2022",45,126,35.7142857142857,0.498110713154087,4.72826086956522
"FeLV",1,"c_hct","normal","2023-2025",19,58,32.7586206896552,0.498110713154087,4.72826086956522
"FeLV",1,"c_hct","low","2013-2022",69,126,54.7619047619048,0.498110713154087,4.72826086956522
"FeLV",1,"c_hct","low","2023-2025",36,58,62.0689655172414,0.498110713154087,4.72826086956522
"FeLV",1,"c_hct","high","2013-2022",12,126,9.52380952380952,0.498110713154087,4.72826086956522
"FeLV",1,"c_hct","high","2023-2025",3,58,5.17241379310345,0.498110713154087,4.72826086956522
"FeLV",1,"concomitant_disorder","n","2013-2022",27,126,21.4285714285714,0.909283093339948,12.2934782608696
"FeLV",1,"concomitant_disorder","n","2023-2025",12,58,20.6896551724138,0.909283093339948,12.2934782608696
"FeLV",1,"concomitant_disorder","y","2013-2022",99,126,78.5714285714286,0.909283093339948,12.2934782608696
"FeLV",1,"concomitant_disorder","y","2023-2025",46,58,79.3103448275862,0.909283093339948,12.2934782608696
"FeLV",1,"age_group","kitten","2013-2022",25,126,19.8412698412698,0.84471489727712,9.77173913043478
"FeLV",1,"age_group","kitten","2023-2025",12,58,20.6896551724138,0.84471489727712,9.77173913043478
"FeLV",1,"age_group","adult","2013-2022",81,126,64.2857142857143,0.84471489727712,9.77173913043478
"FeLV",1,"age_group","adult","2023-2025",35,58,60.3448275862069,0.84471489727712,9.77173913043478
"FeLV",1,"age_group","senior","2013-2022",20,126,15.8730158730159,0.84471489727712,9.77173913043478
"FeLV",1,"age_group","senior","2023-2025",11,58,18.9655172413793,0.84471489727712,9.77173913043478
"FeLV",1,"c_leuco","normal","2013-2022",69,126,54.7619047619048,0.22980446371566,12.9239130434783
"FeLV",1,"c_leuco","normal","2023-2025",24,58,41.3793103448276,0.22980446371566,12.9239130434783
"FeLV",1,"c_leuco","low","2013-2022",32,126,25.3968253968254,0.22980446371566,12.9239130434783
"FeLV",1,"c_leuco","low","2023-2025",18,58,31.0344827586207,0.22980446371566,12.9239130434783
"FeLV",1,"c_leuco","high","2013-2022",25,126,19.8412698412698,0.22980446371566,12.9239130434783
"FeLV",1,"c_leuco","high","2023-2025",16,58,27.5862068965517,0.22980446371566,12.9239130434783
"FeLV",1,"neuter_status","i","2013-2022",48,126,38.0952380952381,0.353520186399594,20.804347826087
"FeLV",1,"neuter_status","i","2023-2025",18,58,31.0344827586207,0.353520186399594,20.804347826087
"FeLV",1,"neuter_status","n","2013-2022",78,126,61.9047619047619,0.353520186399594,20.804347826087
"FeLV",1,"neuter_status","n","2023-2025",40,58,68.9655172413793,0.353520186399594,20.804347826087
