"infection","variable","n","term","beta","se","p","lower_beta","upper_beta","OR","lower_OR","upper_OR"
"FeLV","breed",966,"(Intercept)",-2.77258872190948,0.460971657908479,1.8026239905506e-09,-3.67607656930381,-1.86910087451514,0.0625000000206441,0.0253221298155982,0.154262300644802
"FeLV","breed",966,"breedn",1.40604112372439,0.468514634774792,0.00269040426954984,0.487769313335862,2.32431293411292,4.07977207842439,1.62867909208637,10.2196560960142
"FeLV","sex",966,"(Intercept)",-1.39189661666837,0.118445112197818,6.94534093495847e-32,-1.6240447707209,-1.15974846261584,0.248603351955355,0.197099860867665,0.313565044294647
"FeLV","sex",966,"sexm",-0.103959946963034,0.164055020529401,0.526283466660765,-0.425501878683638,0.217581984757571,0.90126139495426,0.653441754333401,1.24306733790455
"FeLV","neuter_status",966,"(Intercept)",-1.14306405123625,0.141359116003544,6.15337554655921e-16,-1.42012282748961,-0.866005274982881,0.318840579711005,0.241684329594383,0.420628492716362
"FeLV","neuter_status",966,"neuter_statusn",-0.440621365095436,0.173770268870531,0.0112237405121903,-0.781204833665518,-0.100037896525355,0.64363636363463,0.457854040893366,0.904803128491537
"FeLV","sex_neuter",966,"(Intercept)",-1.11803037452233,0.197552733846886,1.51901192362187e-08,-1.50522661790965,-0.730834131135002,0.32692307692402,0.221966986437409,0.48150718240078
"FeLV","sex_neuter",966,"sex_neuterim",-0.0509627109051239,0.28281752921076,0.856998356010762,-0.605274882354819,0.503349460544571,0.950314106224609,0.545924341044294,1.65425285628765
"FeLV","sex_neuter",966,"sex_neuternf",-0.41197070726373,0.247276986107207,0.0957075761655491,-0.896624694239466,0.0726832797120063,0.662343677626627,0.407944275223913,1.07538988517775
"FeLV","sex_neuter",966,"sex_neuternm",-0.51027602221614,0.240863785821787,0.0341306052410963,-0.982360367606812,-0.0381916768254685,0.600329851565073,0.374426271361072,0.962528428814762
"FeLV","age_group",966,"(Intercept)",-1.59856824019716,0.180254009266987,7.41911132047675e-19,-1.9518596064294,-1.24527687396491,0.202185792349735,0.142009743657386,0.287861195825515
"FeLV","age_group",966,"age_groupadult",0.52911253582356,0.209930363458641,0.0117215118852709,0.11765658418322,0.9405684874639,1.6974252358919,1.12485775108667,2.56143714941664
"FeLV","age_group",966,"age_groupsenior",-0.531964958056791,0.261873869275328,0.042216609718837,-1.04522831032858,-0.0187016057849989,0.587449521176611,0.351611533668602,0.98147218417439
"FeLV","cohabitantcats",954,"(Intercept)",-1.4213856809311,0.126971665784658,4.33790074802881e-29,-1.67024557292609,-1.17252578893612,0.241379310344842,0.188200842931765,0.30958400905609
"FeLV","cohabitantcats",954,"cohabitantcatsmulticat",-0.0523206179688837,0.167152116270463,0.754271546390701,-0.379932745798644,0.275291509860876,0.949024543738134,0.683907403311902,1.316914512485
"FeLV","lifestyle",932,"(Intercept)",-1.49764650644596,0.10847083109612,2.31567539750405e-43,-1.71024542876748,-1.28504758412443,0.223655913978501,0.180821408395366,0.276637419769375
"FeLV","lifestyle",932,"lifestyleoutdoor",0.118225024614086,0.170037696138007,0.486875367526666,-0.215042735830573,0.451492785058745,1.12549734748037,0.806506972695493,1.57065508677706
"FeLV","concomitant_disorder",966,"(Intercept)",-1.64964433291217,0.174834590443099,3.89291952541309e-21,-1.99231383343246,-1.30697483239189,0.192118226600979,0.136379500639703,0.270637543173112
"FeLV","concomitant_disorder",966,"concomitant_disordery",0.265075597759932,0.197966656573914,0.180573559575235,-0.122931919264748,0.653083114784612,1.30352951596502,0.884323865930446,1.92145577480735
"FeLV","c_leuco",965,"(Intercept)",-1.62225860086315,0.1134717163942,2.29796879056306e-46,-1.84465907825973,-1.39985812346658,0.197452229299364,0.15807920434155,0.246631952745989
"FeLV","c_leuco",965,"c_leucolow",0.659084283092562,0.201269415455075,0.00105797809896969,0.264603477611186,1.05356508857394,1.93302142329941,1.30291423866989,2.86785707918046
"FeLV","c_leuco",965,"c_leucohigh",0.148444861726728,0.207008845546065,0.473315916957148,-0.257285020024773,0.55417474347823,1.16002883402416,0.773147819747849,1.74050402962571
"FeLV","c_hct",966,"(Intercept)",-1.95258425609253,0.133574471971737,2.15817312206796e-48,-2.21438541041109,-1.69078310177397,0.141906873621353,0.10922061948089,0.184375082989802
"FeLV","c_hct",966,"c_hctlow",1.11348316291062,0.177429317577812,3.48190925095876e-10,0.765728090656591,1.46123823516465,3.04494598750403,2.1505596071269,4.31129462121892
"FeLV","c_hct",966,"c_hcthigh",0.183297642716585,0.309632737831873,0.553861267897592,-0.423571371868418,0.790166657301588,1.20117187493943,0.65470444651927,2.20376366895965
"FIV","breed",982,"(Intercept)",-2.36320945906739,0.369696803338679,1.63418771367631e-10,-3.08780187881078,-1.63861703932399,0.0941176711287648,0.0456020832220704,0.194248494648051
"FIV","breed",982,"breedn",1.08054998763883,0.378541738774691,0.00431037016904249,0.338621812995268,1.8224781622824,2.94629953386335,1.40301264371752,6.18717228395211
"FIV","sex",982,"(Intercept)",-1.81167477892883,0.141627225105635,1.82077851913403e-37,-2.08925903936622,-1.53409051849144,0.163380281690168,0.123778817077908,0.215651733271595
"FIV","sex",982,"sexm",0.720080062922357,0.171460431640125,2.67284776940703e-05,0.38402379213402,1.0561363337107,2.05459770115523,1.46818037241064,2.87524053101268
"FIV","neuter_status",982,"(Intercept)",-1.45812009569109,0.16194778712291,2.18348868305901e-19,-1.77553192582795,-1.14070826555423,0.232673267326745,0.169393320848274,0.319592585217652
"FIV","neuter_status",982,"neuter_statusn",0.133770220532351,0.185600918810628,0.471068786532896,-0.230000895834023,0.497541336898724,1.1431301216337,0.794532890733419,1.64467259974604
"FIV","sex_neuter",982,"(Intercept)",-1.80151564417331,0.261786634540426,5.91764818401074e-12,-2.31460801950649,-1.28842326884012,0.165048543689339,0.0988049060083183,0.275705153463516
"FIV","sex_neuter",982,"sex_neuterim",0.607593175703035,0.334613985782812,0.0694005527010175,-0.0482381851546735,1.26342453656074,1.83600713012854,0.952906791793532,3.53751511786184
"FIV","sex_neuter",982,"sex_neuternf",-0.0143413766336031,0.311272749114948,0.963251791370143,-0.624424754267673,0.595742001000466,0.98576097105518,0.535569423949461,1.81437671495479
"FIV","sex_neuter",982,"sex_neuternm",0.738943291991407,0.283619257337112,0.00917654712181833,0.183059762288671,1.29482682169414,2.09372189243277,1.20088617364254,3.65036375558863
"FIV","age_group",982,"(Intercept)",-2.62243644836211,0.287244181929119,6.8726402394759e-20,-3.18542469971185,-2.05944819701236,0.0726256983252649,0.0413606762030674,0.127524318783773
"FIV","age_group",982,"age_groupadult",1.58392808376369,0.306255458551877,2.31703408844196e-07,0.983678414933209,2.18417775259417,4.87406398902476,2.67427526570891,8.88334124528144
"FIV","age_group",982,"age_groupsenior",1.26979012136044,0.317832320216003,6.46513073851341e-05,0.646850220614273,1.89273002210661,3.56010529388465,1.90951679017526,6.63746439348263
"FIV","cohabitantcats",971,"(Intercept)",-1.27341501304691,0.11991910950745,2.43282464863092e-26,-1.50845214873962,-1.03837787735419,0.279874213836795,0.221252178516653,0.354028494073645
"FIV","cohabitantcats",971,"cohabitantcatsmulticat",-0.166946569343221,0.160725951965314,0.298942767242736,-0.48196364657615,0.148070507889708,0.84624482554609,0.617569512122835,1.15959465405263
"FIV","lifestyle",982,"(Intercept)",-1.70267983917436,0.115905261631625,7.44143085177711e-49,-1.92984997759103,-1.47550970075768,0.182194616977228,0.145169975599504,0.228662148067427
"FIV","lifestyle",982,"lifestyleoutdoor",0.732974171383775,0.160122683180439,4.70389020107218e-06,0.419139479242196,1.04680886352535,2.08126143990752,1.52065243944905,2.84854649811719
"FIV","concomitant_disorder",982,"(Intercept)",-1.96611285629639,0.201776729382943,1.95692187523562e-22,-2.36158797880524,-1.57063773378753,0.140000000010703,0.0942704048687279,0.20791254721235
"FIV","concomitant_disorder",982,"concomitant_disordery",0.754653693944217,0.219579950992048,0.00058861703194454,0.324284898272733,1.1850224896157,2.12687484616566,1.38304127706709,3.27076037878278
"FIV","c_leuco",975,"(Intercept)",-1.37135278112144,0.103078163632465,2.19383612060103e-40,-1.57338226943359,-1.16932329280928,0.25376344086028,0.207342706147513,0.310577039886007
"FIV","c_leuco",975,"c_leucolow",0.177430312651134,0.207848059675651,0.393296768470205,-0.229944398569674,0.584805023871942,1.19414483821488,0.794577780936256,1.79464103936432
"FIV","c_leuco",975,"c_leucohigh",-0.0727611508872503,0.200131462033142,0.716181538485089,-0.465011608645553,0.319489306871052,0.929822890877719,0.628127813434169,1.37642465420107
"FIV","c_hct",952,"(Intercept)",-1.4423838277709,0.10903260503687,5.9738013841205e-40,-1.65608380678374,-1.22868384875805,0.236363636363645,0.19088506103055,0.292677532193596
"FIV","c_hct",952,"c_hctlow",0.280970637866264,0.173564956997737,0.105485732030921,-0.0592104268275442,0.621151702560073,1.32441471572234,0.942508419232166,1.8610702073631
"FIV","c_hct",952,"c_hcthigh",0.0442550090041339,0.266967856849388,0.868338700683134,-0.478992375450511,0.567502393458778,1.04524886877838,0.619407207375702,1.76385612674958
