"variable","category","reference","n_simple","n_multiple","OR_simple","lower_simple","upper_simple","p_simple","OR_multiple","lower_multiple","upper_multiple","p_multiple"
"breed","y",TRUE,966,965,1,,,,1,,,
"breed","n",FALSE,966,965,4.07977207842439,1.62867909208637,10.2196560960142,0.00269040426954984,4.75086709262517,1.86253440439564,12.1182932667021,0.00110727477765577
"c_hct","normal",TRUE,966,965,1,,,,1,,,
"c_hct","low",FALSE,966,965,3.04494598750403,2.1505596071269,4.31129462121892,3.48190925095876e-10,2.91379506139506,2.02895300679288,4.18452356037095,6.9828453356029e-09
"c_hct","high",FALSE,966,965,1.20117187493943,0.65470444651927,2.20376366895965,0.553861267897592,1.03979277752857,0.559481584843718,1.93244791158333,0.901788464494739
"concomitant_disorder","n",TRUE,966,965,1,,,,1,,,
"concomitant_disorder","y",FALSE,966,965,1.30352951596502,0.884323865930446,1.92145577480735,0.180573559575235,1.57476268651812,1.02074682754986,2.42947364803701,0.04009286248531
"age_group","kitten",TRUE,966,965,1,,,,1,,,
"age_group","adult",FALSE,966,965,1.6974252358919,1.12485775108667,2.56143714941664,0.0117215118852709,2.07803700227263,1.27516249355403,3.38642157736208,0.00332983270293728
"age_group","senior",FALSE,966,965,0.587449521176611,0.351611533668602,0.98147218417439,0.042216609718837,0.721853539133177,0.393261369994841,1.32500309391164,0.292884862867763
"c_leuco","normal",TRUE,965,965,1,,,,1,,,
"c_leuco","low",FALSE,965,965,1.93302142329941,1.30291423866989,2.86785707918046,0.00105797809896969,1.65830085835969,1.08229684531166,2.5408572045173,0.0201672784362313
"c_leuco","high",FALSE,965,965,1.16002883402416,0.773147819747849,1.74050402962571,0.473315916957148,1.00739225733036,0.655024629183217,1.54931450653179,0.97324756329021
"neuter_status","i",TRUE,966,965,1,,,,1,,,
"neuter_status","n",FALSE,966,965,0.64363636363463,0.457854040893366,0.904803128491537,0.0112237405121903,0.550669282919894,0.363372562729578,0.834506207275696,0.00490907996804062
