"model","term","beta","se","p","lower_beta","upper_beta","OR","lower_OR","upper_OR"
"Published_FIV","(Intercept)",-3.91808672369111,0.637331693621982,7.86435686027937e-10,-5.16723388939611,-2.66893955798611,0.0198790925794746,0.00570031473273834,0.0693257022307409
"Published_FIV","breedn",0.627104698579167,0.497242114306732,0.207249154100923,-0.347471937058577,1.60168133421691,1.8721821928859,0.706471839329227,4.96136713203885
"Published_FIV","sex_neuterim",0.605482121924622,0.412834524604727,0.14247236795283,-0.203658677875357,1.4146229217246,1.83213530858895,0.815740754042804,4.11493452097673
"Published_FIV","sex_neuternf",-0.306188582721206,0.37211918545545,0.41060810780049,-1.03552878417027,0.423151618727858,0.736247762756942,0.355038592492007,1.5267657647015
"Published_FIV","sex_neuternm",0.272286406770838,0.340979748526044,0.424556444640625,-0.396021619797734,0.940594433339409,1.31296298895573,0.672992145826033,2.56150360900822
"Published_FIV","age_groupadult",1.18523069320403,0.351401913222004,0.000743908167464,0.496495599190437,1.87396578721763,3.2714414337268,1.64295360255744,6.51407869196374
"Published_FIV","age_groupsenior",0.973782853341327,0.385634308363542,0.0115650298008381,0.217953497745772,1.72961220893688,2.6479423146542,1.24352923936167,5.63846693732383
"Published_FIV","lifestyleoutdoor",0.863547652177914,0.20820642661259,3.36044430393243e-05,0.455470554667455,1.27162474968837,2.37155925466555,1.57691523330296,3.56664275898288
"Published_FIV","concomitant_disordery",0.673773019432028,0.268957249611555,0.0122406207601883,0.146626496812431,1.20091954205163,1.96162462347648,1.15792139492014,3.32317131396869
"Original_FIV","(Intercept)",-3.96664949226749,0.598064385386571,3.30095258469425e-11,-5.13883414806125,-2.79446483647373,0.0189367747728777,0.00586452289470939,0.0611475895374552
"Original_FIV","breedn",0.620349311566592,0.497476016874716,0.212399916220779,-0.354685764680292,1.59538438781347,1.8595775003379,0.701393811291574,4.93022382589204
"Original_FIV","sexm",0.552171497080685,0.212835813611238,0.00947687858613067,0.135020967782379,0.969322026378991,1.73702086118559,1.14456078300113,2.63615660872329
"Original_FIV","age_groupadult",1.04089728826906,0.328864198730365,0.001550147333587,0.396335302952926,1.6854592735852,2.83175677686833,1.48636761745727,5.39492811143015
"Original_FIV","age_groupsenior",0.812493536296797,0.360386213112636,0.0241642391647035,0.106149538071254,1.51883753452234,2.25352022108026,1.11198814863722,4.56691322928337
"Original_FIV","lifestyleoutdoor",0.872084056537282,0.207365749360367,2.60464497973849e-05,0.465654656163802,1.27851345691076,2.39189049782026,1.59305675201167,3.5912971376182
"Original_FIV","concomitant_disordery",0.637734428949298,0.265885052642874,0.0164608330044629,0.116609301741729,1.15885955615687,1.89218913059313,1.12368032397177,3.18629740999607
