"infection","variable","n","cases","df","statistic","p","auc","lower_95","upper_95"
"FeLV","breed",966,184,1,13.266362598128,0.000270210983070351,0.537563938618926,0.521700208873163,0.553427668364688
"FeLV","sex",966,184,1,0.401211890934292,0.52646404876616,0.512947570332481,0.472750507166093,0.553144633498868
"FeLV","neuter_status",966,184,1,6.26330028763027,0.0123264368011644,0.546994884910486,0.508961657916359,0.585028111904613
"FeLV","sex_neuter",966,184,3,6.53048453926567,0.0884679908859078,0.553343572778828,0.50856732670596,0.598119818851696
"FeLV","age_group",966,184,2,27.7414244037224,9.46294314240759e-07,0.612948960302457,0.573497106536704,0.652400814068211
"FeLV","cohabitantcats",954,181,1,0.0978147430182617,0.754467956495243,0.506368243122512,0.466297400254317,0.546439085990707
"FeLV","lifestyle",932,177,1,0.481276118749292,0.487844855192787,0.514161709133086,0.47386747246354,0.554455945802633
"FeLV","concomitant_disorder",966,184,1,1.85204927184077,0.173545239909135,0.523817135549872,0.490456893522886,0.557177377576859
"FeLV","c_leuco",965,184,2,10.340108803695,0.00568425957658538,0.561271780882926,0.518416612467213,0.604126949298639
"FeLV","c_hct",966,184,2,42.4292447829116,6.11795896521846e-10,0.633892332925609,0.592728404304918,0.6750562615463
"FIV","breed",982,201,1,10.6009004216452,0.00113032600164578,0.534516916059905,0.517112085873503,0.551921746246308
"FIV","sex",982,201,1,18.6776337240394,1.54787541832951e-05,0.582994120307553,0.547063060911583,0.618925179703524
"FIV","neuter_status",982,201,1,0.526925997344506,0.467902108864619,0.512405959956937,0.479294762787064,0.545517157126811
"FIV","sex_neuter",982,201,3,18.9956122299175,0.000273970609023996,0.587574292430294,0.547553855117049,0.62759472974354
"FIV","age_group",982,201,2,36.6666540110525,1.09128264005328e-08,0.609357183353399,0.572840741791269,0.64587362491553
"FIV","cohabitantcats",971,197,1,1.07508393848946,0.299799921477044,0.520461968283949,0.481548171813468,0.55937576475443
"FIV","lifestyle",982,201,1,21.1730045385277,4.19633785925155e-06,0.590313477427205,0.551941314161693,0.628685640692717
"FIV","concomitant_disorder",982,201,1,13.3467451068167,0.000258871546213544,0.558389231817863,0.529923732365635,0.586854731270091
"FIV","c_leuco",975,200,2,1.07356092719351,0.584627455043911,0.519593548387097,0.479848367767398,0.559338729006795
"FIV","c_hct",952,197,2,2.65009466346851,0.265790378471637,0.531767909369012,0.491060485105332,0.572475333632692
