"infection","period","variable","n","available","missing"
"FeLV","2013-2022","breed",630,630,0
"FeLV","2023-2025","breed",336,336,0
"FeLV","2013-2022","sex",630,630,0
"FeLV","2023-2025","sex",336,336,0
"FeLV","2013-2022","neuter_status",630,630,0
"FeLV","2023-2025","neuter_status",336,336,0
"FeLV","2013-2022","sex_neuter",630,630,0
"FeLV","2023-2025","sex_neuter",336,336,0
"FeLV","2013-2022","age_group",630,630,0
"FeLV","2023-2025","age_group",336,336,0
"FeLV","2013-2022","cohabitantcats",630,630,0
"FeLV","2023-2025","cohabitantcats",336,324,12
"FeLV","2013-2022","lifestyle",630,630,0
"FeLV","2023-2025","lifestyle",336,302,34
"FeLV","2013-2022","concomitant_disorder",630,630,0
"FeLV","2023-2025","concomitant_disorder",336,336,0
"FeLV","2013-2022","c_leuco",630,630,0
"FeLV","2023-2025","c_leuco",336,335,1
"FeLV","2013-2022","c_hct",630,630,0
"FeLV","2023-2025","c_hct",336,336,0
"FeLV","2013-2022","origin",630,371,259
"FeLV","2023-2025","origin",336,137,199
"FIV","2013-2022","breed",638,638,0
"FIV","2023-2025","breed",344,344,0
"FIV","2013-2022","sex",638,638,0
"FIV","2023-2025","sex",344,344,0
"FIV","2013-2022","neuter_status",638,638,0
"FIV","2023-2025","neuter_status",344,344,0
"FIV","2013-2022","sex_neuter",638,638,0
"FIV","2023-2025","sex_neuter",344,344,0
"FIV","2013-2022","age_group",638,638,0
"FIV","2023-2025","age_group",344,344,0
"FIV","2013-2022","cohabitantcats",638,638,0
"FIV","2023-2025","cohabitantcats",344,333,11
"FIV","2013-2022","lifestyle",638,638,0
"FIV","2023-2025","lifestyle",344,344,0
"FIV","2013-2022","concomitant_disorder",638,638,0
"FIV","2023-2025","concomitant_disorder",344,344,0
"FIV","2013-2022","c_leuco",638,638,0
"FIV","2023-2025","c_leuco",344,337,7
"FIV","2013-2022","c_hct",638,638,0
"FIV","2023-2025","c_hct",344,314,30
"FIV","2013-2022","origin",638,380,258
"FIV","2023-2025","origin",344,144,200
